Date,Open,High,Low,Close,Adj Close,Volume
736658,9.800000,11.260000,9.620000,11.240000,11.240000,23929600
736659,11.500000,11.800000,10.650000,11.000000,11.000000,5863900
736662,11.050000,11.500000,10.910000,11.000000,11.000000,2771000
736663,11.500000,11.500000,10.791000,10.910000,10.910000,2509600
736664,10.750000,11.080000,10.550000,10.970000,10.970000,1498200
736665,11.000000,11.049000,10.750000,10.980000,10.980000,893300
736666,10.950000,11.030000,10.850000,10.940000,10.940000,684700
736669,11.000000,11.690000,10.960000,11.100000,11.100000,2648400
736670,11.450000,11.590000,11.250000,11.500000,11.500000,2198200
736671,11.580000,11.590000,11.030000,11.480000,11.480000,1497800
736672,11.530000,11.760000,11.350000,11.620000,11.620000,2075200
736673,11.600000,11.690000,11.320000,11.400000,11.400000,803800
736676,11.410000,11.500000,11.330000,11.330000,11.330000,562000
736677,11.350000,11.400000,11.160000,11.320000,11.320000,635100
736678,11.440000,11.500000,11.290000,11.350000,11.350000,582400
736679,11.400000,11.490000,11.280000,11.350000,11.350000,433000
736680,11.250000,11.310000,11.060000,11.190000,11.190000,625700
736683,11.290000,11.460000,11.051000,11.190000,11.190000,867800
736684,11.250000,11.520000,11.210000,11.290000,11.290000,1223300
736685,11.190000,11.290000,10.820000,10.900000,10.900000,1530200
736686,11.060000,11.190000,10.850000,11.000000,11.000000,343100
736687,11.000000,11.100000,10.610000,10.610000,10.610000,495000
736690,10.700000,11.080000,10.100000,10.920000,10.920000,1090900
736691,10.840000,11.040000,10.410000,10.580000,10.580000,581000
736692,10.520000,10.636000,10.210000,10.260000,10.260000,558700
736693,10.190000,10.459000,10.000000,10.080000,10.080000,844000
736694,10.180000,10.280000,9.860000,9.990000,9.990000,954500
736697,10.010000,10.140000,9.860000,10.000000,10.000000,877800
736698,10.050000,10.490000,9.950000,10.270000,10.270000,733800
736699,10.410000,10.730000,10.280000,10.650000,10.650000,1043500
736700,10.730000,11.679000,10.510000,11.000000,11.000000,1653000
736701,11.060000,12.190000,11.060000,11.460000,11.460000,3152500
736704,11.550000,12.200000,11.500000,12.070000,12.070000,1946800
736705,12.070000,12.420000,11.520000,12.160000,12.160000,1529300
736706,12.240000,14.350000,12.160000,14.110000,14.110000,3113400
736707,13.830000,14.870000,13.030000,13.550000,13.550000,4410200
736708,13.500000,13.500000,12.800000,12.840000,12.840000,2469000
736711,12.940000,13.180000,12.670000,12.750000,12.750000,3480100
736712,13.000000,13.260000,12.610000,13.140000,13.140000,2364300
736713,13.070000,13.380000,12.300000,12.440000,12.440000,6222900
736714,14.350000,15.490000,13.450000,13.850000,13.850000,16603700
736715,13.860000,14.440000,13.850000,14.240000,14.240000,3624500
736719,14.300000,15.189000,14.220000,15.030000,15.030000,4145300
736720,15.200000,16.884001,15.190000,16.670000,16.670000,6639700
736721,17.129999,17.709999,15.000000,16.230000,16.230000,10142000
736721,16.510000,17.200001,15.870000,16.910000,16.910000,4287600
736724,17.400000,18.155001,16.250000,16.430000,16.430000,5657600
736725,16.480000,16.740000,15.600000,16.709999,16.709999,4193100
736726,16.940001,16.959999,16.141001,16.570000,16.570000,2725700
736727,16.559999,16.790001,16.049999,16.219999,16.219999,1983600
736728,16.100000,19.350000,15.850000,18.950001,18.950001,10538300
736731,19.010000,19.350000,17.360001,18.420000,18.420000,11994900
736732,18.620001,19.100000,17.600000,18.660000,18.660000,7313900
736733,18.780001,20.240000,18.500000,20.070000,20.070000,10175900
736734,20.690001,22.700001,19.600000,20.500000,20.500000,19542000
736735,20.575001,21.350000,18.820000,19.650000,19.650000,14056800
736738,19.350000,21.660000,18.950001,21.280001,21.280001,10162500
736739,20.799999,21.250000,19.080000,19.180000,19.180000,10723700
736740,20.040001,20.290001,18.500000,18.540001,18.540001,8227700
736741,18.500000,18.540001,16.000000,16.440001,16.440001,13195500
736742,16.520000,16.879999,15.380000,16.650000,16.650000,8722300
736745,15.670000,16.190001,14.800000,15.360000,15.360000,8813300
736746,15.950000,16.530001,15.510000,15.850000,15.850000,7155400
736747,16.209999,16.299999,13.890000,13.900000,13.900000,9576000
736748,13.500000,14.900000,13.310000,14.500000,14.500000,7180500
736749,14.900000,14.900000,13.820000,13.990000,13.990000,6025800
736752,13.240000,13.640000,12.970000,13.360000,13.360000,7243900
736753,13.540000,14.090000,13.120000,13.800000,13.800000,3656400
736755,14.000000,14.100000,12.880000,12.900000,12.900000,6617300
736756,12.510000,13.370000,12.500000,13.300000,13.300000,6019300
736759,13.660000,14.080000,13.285000,13.850000,13.850000,9256500
736760,13.470000,13.970000,13.130000,13.260000,13.260000,6777500
736761,12.960000,13.530000,12.760000,12.780000,12.780000,7441200
736762,13.200000,14.400000,12.950000,14.260000,14.260000,11804400
736763,14.500000,14.690000,13.500000,13.800000,13.800000,9513200
736766,13.720000,14.250000,13.280000,13.800000,13.800000,8538200
736767,13.420000,14.150000,13.100000,13.690000,13.690000,6857100
736768,13.950000,14.990000,13.900000,14.430000,14.430000,10267600
736769,14.430000,15.080000,13.800000,13.920000,13.920000,10799300
736770,13.960000,14.710000,13.820000,14.410000,14.410000,6371200
736773,14.410000,14.700000,13.636000,14.180000,14.180000,4917200
736774,14.400000,14.770000,13.650000,13.920000,13.920000,6209200
736775,13.770000,13.950000,13.130000,13.360000,13.360000,9249400
736776,12.800000,13.150000,12.660000,12.770000,12.770000,6985700
736777,13.100000,13.100000,12.000000,12.130000,12.130000,6568300
736780,11.300000,12.000000,11.050000,11.590000,11.590000,6687400
736781,11.500000,12.250000,11.350000,11.710000,11.710000,3235500
736781,11.660000,11.730000,11.160000,11.330000,11.330000,3789400
736782,11.000000,11.520000,10.700000,11.510000,11.510000,6487900
736783,11.510000,11.600000,11.000000,11.060000,11.060000,2901600
736786,11.120000,11.740000,11.113000,11.270000,11.270000,3413000
736787,11.380000,11.670000,11.300000,11.400000,11.400000,2804300
736788,11.490000,11.679000,11.240000,11.390000,11.390000,1809400
736789,11.400000,11.579000,11.220000,11.250000,11.250000,1839500
736790,11.250000,11.370000,11.020000,11.140000,11.140000,2683600
736793,11.190000,11.270000,10.700000,10.810000,10.810000,2273700
736794,10.570000,10.690000,10.260000,10.660000,10.660000,5840400
736795,9.900000,10.300000,9.090000,10.265000,10.265000,10742700
736796,10.510000,10.940000,10.500000,10.560000,10.560000,5202100
736797,10.550000,10.870000,9.940000,10.700000,10.700000,2922700
736800,11.250000,11.440000,10.500000,11.300000,11.300000,5316300
736801,11.550000,12.430000,11.500000,11.850000,11.850000,5490500
736802,11.750000,11.820000,10.960000,11.010000,11.010000,4486300
736803,11.210000,11.350000,10.433000,10.530000,10.530000,4609900
736804,10.580000,10.990000,10.410000,10.910000,10.910000,3993900
736807,11.450000,11.770000,10.960000,11.530000,11.530000,9487100
736808,12.850000,13.750000,12.640000,13.080000,13.080000,19444300
736809,13.000000,14.230000,12.180000,13.760000,13.760000,9428200
736810,13.400000,13.700000,12.250000,13.140000,13.140000,8767700
736811,12.700000,13.400000,12.700000,12.830000,12.830000,3801300
736814,12.750000,12.860000,12.040000,12.500000,12.500000,3758800
736815,12.250000,12.310000,11.350000,11.390000,11.390000,5320200
736816,11.590000,11.660000,11.110000,11.400000,11.400000,2416400
736817,11.260000,11.880000,11.000000,11.710000,11.710000,2973200
736820,11.730000,11.940000,11.310000,11.310000,11.310000,2528300
736821,11.110000,11.990000,11.110000,11.840000,11.840000,3510300
736822,12.000000,13.680000,11.890000,13.030000,13.030000,9417300
736823,13.460000,14.120000,13.161000,13.350000,13.350000,6425300
736824,13.290000,13.660000,12.910000,13.520000,13.520000,3904800
736827,13.290000,13.500000,12.775000,13.230000,13.230000,3328900
736828,13.400000,14.070000,13.130000,13.760000,13.760000,3956200
736829,13.690000,14.000000,13.200000,13.220000,13.220000,2756300
736830,13.490000,13.690000,12.970000,13.440000,13.440000,2206200
736831,13.450000,13.670000,12.360000,12.430000,12.430000,5074600
736834,11.700000,12.231000,11.280000,12.000000,12.000000,5842200
736835,12.000000,12.659000,11.700000,12.550000,12.550000,3393300
736836,12.490000,13.420000,12.450000,12.870000,12.870000,4916700
736837,12.870000,13.100000,12.730000,13.020000,13.020000,2278900
736838,12.900000,13.690000,12.890000,13.480000,13.480000,4170800
736841,13.700000,14.085000,13.570000,13.950000,13.950000,3226400
736842,13.400000,13.700000,12.840000,13.310000,13.310000,4114300
736843,15.150000,15.500000,14.030000,14.370000,14.370000,18033500
736844,14.140000,14.440000,12.885000,13.550000,13.550000,6889500
736845,13.370000,13.880000,12.900000,13.350000,13.350000,4572100
736848,12.720000,13.740000,12.650000,13.630000,13.630000,3539400
736849,13.310000,13.535000,13.000000,13.170000,13.170000,2463100
736850,13.260000,13.260000,12.100000,12.420000,12.420000,3842200
736851,12.030000,12.900000,12.020000,12.690000,12.690000,3187200
736852,13.370000,13.850000,13.280000,13.710000,13.710000,4143800
736855,13.280000,14.180000,13.260000,13.950000,13.950000,3159600
736856,14.000000,14.290000,13.258000,13.460000,13.460000,4059800
736857,13.670000,13.720000,12.910000,13.250000,13.250000,2130200
736858,12.910000,13.100000,12.490000,12.610000,12.610000,3147800
736859,12.940000,13.070000,12.370000,12.490000,12.490000,1924100
736862,13.000000,13.070000,12.750000,13.050000,13.050000,3448800
736863,12.670000,13.170000,12.570000,12.970000,12.970000,1836300
736864,12.890000,12.940000,11.870000,11.990000,11.990000,3620900
736865,12.240000,12.630000,12.210000,12.570000,12.570000,2778000
736866,12.250000,13.260000,12.150000,13.170000,13.170000,2576700
736869,13.450000,13.550000,12.258000,12.470000,12.470000,2044300
736870,12.580000,13.400000,12.310000,13.100000,13.100000,2481200
736871,13.630000,14.500000,13.280000,13.500000,13.500000,8966500
736871,13.850000,15.160000,13.030000,14.190000,14.190000,12344900
736872,14.960000,15.180000,14.160000,14.430000,14.430000,5443900
736875,14.400000,14.780000,14.250000,14.360000,14.360000,1709300
736876,14.360000,15.480000,14.350000,14.910000,14.910000,4477600
736877,15.390000,15.440000,14.810000,15.150000,15.150000,2010600
736878,15.060000,15.080000,14.350000,14.490000,14.490000,2149400
736879,14.060000,14.060000,13.320000,13.400000,13.400000,2689400
736882,13.510000,13.710000,12.780000,12.900000,12.900000,3235700
736883,13.330000,13.930000,13.100000,13.770000,13.770000,2395300
736884,13.870000,14.140000,13.540000,13.560000,13.560000,1710900
736885,13.860000,14.790000,13.792000,14.470000,14.470000,3435800
736886,14.200000,14.940000,13.960000,14.500000,14.500000,3597400
736889,14.400000,14.420000,13.020000,13.025000,13.025000,5016800
736890,13.050000,13.900000,12.850000,13.600000,13.600000,5870700
736891,13.790000,16.129999,13.750000,15.140000,15.140000,19460700
736893,14.530000,15.060000,14.200000,14.980000,14.980000,2797700
736896,15.150000,15.360000,14.640000,14.940000,14.940000,2888400
736897,14.700000,15.190000,14.500000,14.970000,14.970000,3099600
736898,15.200000,16.170000,15.030000,16.139999,16.139999,5337900
736899,15.930000,15.950000,14.640000,14.930000,14.930000,6587000
736900,15.150000,15.740000,14.900000,15.610000,15.610000,5782600
736903,16.290001,16.740000,15.320000,15.420000,15.420000,5354700
736904,15.520000,15.700000,14.110000,14.330000,14.330000,4901300
736906,14.030000,14.730000,13.900000,14.680000,14.680000,4840400
736907,14.660000,15.400000,14.520000,14.690000,14.690000,3614300
736910,14.590000,15.089000,14.590000,14.710000,14.710000,3151300
736911,15.020000,15.330000,14.810000,15.050000,15.050000,2029900
736912,15.300000,15.640000,15.170000,15.290000,15.290000,3441400
736913,15.440000,15.570000,14.910000,14.950000,14.950000,2628500
736914,14.800000,15.430000,14.300000,15.220000,15.220000,4102300
736917,14.930000,14.941000,14.220000,14.280000,14.280000,3110000
736918,14.480000,14.800000,14.300000,14.720000,14.720000,3046800
736919,14.800000,15.170000,14.500000,14.550000,14.550000,3241400
736920,15.180000,15.230000,14.050000,14.630000,14.630000,7514500
736921,15.180000,15.500000,13.160000,13.300000,13.300000,13876800
736924,13.040000,13.830000,12.660000,13.710000,13.710000,4584300
736926,13.780000,13.960000,13.270000,13.850000,13.850000,3562200
736927,13.410000,14.200000,13.330000,14.080000,14.080000,2181400
736928,14.040000,14.420000,13.810000,14.370000,14.370000,2762100
736931,14.570000,15.000000,14.400000,14.590000,14.590000,2914100
736937,14.000000,14.630000,13.980000,14.280000,14.280000,1902100
736938,14.190000,14.200000,12.850000,12.950000,12.950000,5039100
736939,13.450000,13.890000,13.400000,13.700000,13.700000,2971900
736942,13.940000,14.370000,13.740000,14.270000,14.270000,2358000
736943,14.515000,15.100000,14.400000,14.780000,14.780000,4795200
736944,14.040000,16.370001,14.010000,15.750000,15.750000,7953100
736945,15.400000,16.600000,15.300000,16.260000,16.260000,5974600
736946,16.020000,16.090000,15.290000,15.360000,15.360000,4050200
736949,15.200000,15.370000,14.710000,15.060000,15.060000,2387300
736950,15.330000,15.800000,15.230000,15.510000,15.510000,3143300
736951,15.770000,16.150000,15.560000,16.030001,16.030001,4317900
736952,15.900000,16.820000,15.750000,16.530001,16.530001,3893900
736953,16.860001,17.090000,16.600000,16.709999,16.709999,3635100
736957,16.160000,16.190001,15.750000,15.930000,15.930000,4492900
736958,16.190001,16.370001,15.840000,15.950000,15.950000,3083100
736959,16.090000,17.180000,16.000000,16.889999,16.889999,4376000
736960,17.219999,17.500000,16.969999,17.440001,17.440001,3764300
736963,17.139999,18.160000,16.799999,17.980000,17.980000,4097100
736964,17.990000,18.379999,17.670000,17.840000,17.840000,6344300
736965,18.190001,18.299999,17.680000,17.760000,17.760000,2807300
736966,18.280001,18.459999,17.959999,18.410000,18.410000,5100000
736966,18.299999,18.610001,17.750000,17.830000,17.830000,3082300
736969,17.889999,18.049999,17.469999,17.700001,17.700001,2415500
736970,17.760000,18.434999,17.660000,18.209999,18.209999,2056400
736971,18.190001,18.480000,18.070000,18.209999,18.209999,2865400
736972,17.990000,18.065001,16.990000,17.180000,17.180000,4054700
736973,16.990000,17.650000,16.430000,17.459999,17.459999,1702700
736976,17.825001,17.950001,17.150000,17.290001,17.290001,2375000
736977,17.510000,18.209999,17.510000,17.860001,17.860001,3905300
736978,18.110001,18.500000,17.964001,18.200001,18.200001,2499700
736979,18.820000,19.200001,18.379999,18.920000,18.920000,6906900
736980,18.500000,18.510000,17.719999,17.740000,17.740000,6522000
736984,17.809999,18.219999,17.770000,17.799999,17.799999,3313400
736985,18.030001,18.750000,18.020000,18.309999,18.309999,5234800
736986,18.459999,18.680000,17.930000,18.139999,18.139999,3018500
736987,18.450001,19.549999,18.424999,19.480000,19.480000,7639100
736990,20.500000,21.000000,19.559999,20.260000,20.260000,8690200
736991,19.670000,19.980000,19.049999,19.730000,19.730000,4507000
736992,19.990000,20.049999,19.430000,19.860001,19.860001,5961000
736993,20.900000,21.500000,18.540001,18.980000,18.980000,17474500
736996,19.110001,19.200001,17.920000,17.980000,17.980000,9815700
736999,17.629999,19.000000,17.570000,18.820000,18.820000,10394200
737000,18.660000,19.320000,18.268999,19.139999,19.139999,4526000
737001,19.000000,19.129999,18.514999,18.660000,18.660000,4299400
737002,18.400000,18.600000,17.670000,17.799999,17.799999,3948000
737003,17.209999,18.200001,17.150000,17.940001,17.940001,3441200
737006,18.120001,18.620001,17.969999,18.600000,18.600000,4642200
737007,18.709999,19.260000,18.629999,18.900000,18.900000,3295500
737008,18.900000,19.100000,18.174999,18.200001,18.200001,3825900
737009,18.299999,18.600000,18.180000,18.500000,18.500000,1640100
737010,18.590000,18.830000,18.500000,18.709999,18.709999,2184100
737013,18.910000,18.950001,18.370001,18.500000,18.500000,2295800
737014,18.570000,19.000000,18.450001,18.650000,18.650000,3482500
737015,18.620001,18.650000,17.719999,17.750000,17.750000,5205700
737016,17.770000,18.056999,17.549999,17.709999,17.709999,4727100
737017,17.600000,17.690001,17.200001,17.209999,17.209999,4250900
737020,17.110001,17.809999,17.049999,17.590000,17.590000,1901400
737021,17.650000,17.900000,17.610001,17.700001,17.700001,2688100
737022,17.709999,17.980000,17.500000,17.709999,17.709999,5441800
737023,17.750000,18.200001,17.670000,18.100000,18.100000,3779300
737024,18.410000,18.969999,17.830000,18.950001,18.950001,6273500
737026,19.240000,19.299999,18.160000,18.799999,18.799999,5938400
737027,18.389999,18.590000,17.990000,18.049999,18.049999,9102700
737028,18.270000,18.600000,17.980000,18.080000,18.080000,21655200
737029,18.030001,18.190001,16.921000,17.230000,17.230000,11660000
737030,17.389999,18.250000,17.240000,18.020000,18.020000,7908800
737033,17.940001,18.135000,17.690001,17.910000,17.910000,5201500
737034,17.920000,17.959999,17.770000,17.840000,17.840000,2435300
737035,17.990000,17.990000,17.420000,17.629999,17.629999,2902900
737036,17.500000,17.770000,17.379999,17.469999,17.469999,3652900
737037,17.820000,18.520000,17.680000,18.320000,18.320000,7307200
737040,18.080000,18.150000,16.879999,17.180000,17.180000,8859100
737041,17.490000,17.549999,17.000000,17.100000,17.100000,4515100
737042,17.260000,17.299999,16.709999,16.930000,16.930000,5296400
737043,17.000000,17.540001,16.959999,17.450001,17.450001,3426600
737047,17.000000,17.750000,17.000000,17.719999,17.719999,2792600
737048,17.620001,17.990000,17.611000,17.730000,17.730000,4245600
737049,17.660000,17.889999,17.190001,17.770000,17.770000,2285000
737050,17.540001,17.650000,17.030001,17.490000,17.490000,2990600
737051,17.469999,17.809999,17.281000,17.780001,17.780001,2251800
737054,17.719999,17.850000,17.413000,17.680000,17.680000,2642800
737055,17.559999,17.900000,17.450001,17.799999,17.799999,3617400
737056,17.900000,18.080000,17.805000,17.830000,17.830000,2544300
737057,17.799999,18.150000,17.514999,17.719999,17.719999,2462900
737058,17.900000,18.309999,17.750000,18.190001,18.190001,3247500
737061,17.350000,17.570000,17.030001,17.400000,17.400000,4826500
737062,17.270000,17.600000,16.969999,17.090000,17.090000,3042500
737063,17.080000,17.389999,16.799999,17.139999,17.139999,3634400
737064,16.709999,17.170000,16.190001,17.139999,17.139999,6096600
737065,17.170000,17.500000,16.580000,17.100000,17.100000,3930900
737068,16.510000,16.650000,16.030001,16.209999,16.209999,4672900
737069,16.690001,16.700001,14.820000,15.390000,15.390000,16739100
737070,15.460000,15.690000,15.190000,15.530000,15.530000,4802100
737071,15.630000,15.965000,15.501000,15.810000,15.810000,3529900
737072,15.530000,15.700000,15.250000,15.350000,15.350000,4076700
737075,15.000000,15.100000,14.430000,14.580000,14.580000,4531100
737076,14.870000,15.035000,14.640000,14.770000,14.770000,5223500
737077,14.730000,14.995000,14.450000,14.690000,14.690000,2483000
737078,14.200000,14.473000,13.830000,14.320000,14.320000,4847400
737079,14.490000,14.574000,13.990000,14.050000,14.050000,2452900
737083,14.370000,14.630000,13.980000,14.010000,14.010000,3617400
737084,13.880000,14.020000,13.655000,13.780000,13.780000,3338000
737085,13.930000,14.050000,13.820000,13.890000,13.890000,1532700
737086,13.630000,13.720000,13.300000,13.500000,13.500000,2886300
737088,13.510000,13.795000,13.230000,13.480000,13.480000,5497300
737089,13.450000,14.275000,13.270000,14.110000,14.110000,5363800
737090,14.420000,14.450000,13.480000,13.990000,13.990000,6164700
737091,13.900000,14.340000,13.730000,14.170000,14.170000,2654300
737092,14.150000,15.100000,14.100000,14.800000,14.800000,5002000
737095,14.910000,15.310000,14.880000,15.060000,15.060000,3584400
737096,15.510000,15.629000,14.545000,14.920000,14.920000,5314200
737097,14.560000,14.780000,14.410000,14.690000,14.690000,1471300
737098,14.620000,14.800000,14.250000,14.480000,14.480000,3091900
737099,14.330000,14.450000,14.010000,14.270000,14.270000,2575900
737102,14.200000,14.580000,14.190000,14.360000,14.360000,1461100
737103,14.590000,15.500000,14.500000,15.160000,15.160000,4473100
737104,15.230000,15.340000,14.950000,15.190000,15.190000,955000
737105,15.570000,15.930000,15.480000,15.580000,15.580000,3130600
737106,15.340000,15.570000,15.100000,15.440000,15.440000,2675600
737109,15.440000,16.240000,15.280000,16.070000,16.070000,3683600
737110,15.880000,16.139999,15.470000,15.640000,15.640000,2839100
737111,15.900000,16.230000,15.900000,15.970000,15.970000,1905400
737112,16.070000,16.250000,15.940000,16.100000,16.100000,2739800
737113,15.890000,16.280001,15.820000,16.270000,16.270000,1853900
737116,16.549999,16.820000,16.260000,16.480000,16.480000,4575000
737117,16.420000,16.700001,16.250000,16.610001,16.610001,2952500
737118,16.600000,16.660000,16.299999,16.629999,16.629999,1189600
737120,16.520000,16.799999,16.400000,16.740000,16.740000,956300
737123,16.500000,16.610001,16.400000,16.559999,16.559999,1076200
737124,16.299999,16.660000,16.183001,16.600000,16.600000,1391200
737125,16.700001,16.830000,16.480000,16.590000,16.590000,2012500
737126,16.650000,16.700001,16.330000,16.469999,16.469999,1145800
737127,16.600000,16.750000,16.325001,16.400000,16.400000,1399700
737130,16.580000,16.660000,16.405001,16.450001,16.450001,1491300
737131,16.500000,16.549999,16.055000,16.070000,16.070000,1327600
737132,16.100000,16.100000,15.360000,15.580000,15.580000,2816900
737133,15.500000,15.625000,15.060000,15.530000,15.530000,1997900
737134,15.660000,15.800000,15.425000,15.540000,15.540000,2031700
737137,15.780000,16.240000,15.410000,15.560000,15.560000,2589000
737138,15.780000,16.180000,15.700000,15.710000,15.710000,4330800
737139,15.840000,15.950000,15.720000,15.800000,15.800000,1909900
737140,15.870000,15.990000,15.500000,15.700000,15.700000,2056100
737141,15.760000,16.200001,15.750000,15.960000,15.960000,1748500
737144,16.000000,16.150000,15.770000,16.129999,16.129999,1537100
737145,15.900000,16.030001,15.370000,15.490000,15.490000,2580400
737146,15.500000,15.500000,14.900000,15.150000,15.150000,3207400
737146,15.250000,15.490000,14.600000,14.750000,14.750000,2556100
737147,14.700000,14.790000,14.210000,14.720000,14.720000,2139600
737150,14.200000,14.295000,13.610000,13.810000,13.810000,7192500
737151,14.260000,14.540000,13.880000,13.950000,13.950000,4844600
737152,14.160000,14.390000,13.670000,14.040000,14.040000,4303800
737153,14.190000,14.360000,13.940000,14.190000,14.190000,2475100
737154,14.090000,14.113000,13.860000,13.910000,13.910000,2122600
737157,13.750000,14.010000,13.700000,13.840000,13.840000,1691300
737158,13.880000,14.070000,13.730000,14.010000,14.010000,4253700
737159,13.700000,13.960000,13.550000,13.810000,13.810000,2014400
737160,13.920000,14.130000,13.900000,14.010000,14.010000,1028400
737161,14.290000,14.780000,14.280000,14.520000,14.520000,2501800
737164,14.850000,15.011000,14.400000,14.500000,14.500000,3142200
737165,14.420000,14.580000,14.210000,14.310000,14.310000,1697500
737166,14.500000,14.540000,14.320000,14.410000,14.410000,1427500
737167,14.560000,14.740000,14.350000,14.700000,14.700000,2945000
737168,14.580000,15.340000,14.580000,14.700000,14.700000,4211200
737171,15.120000,15.150000,14.000000,14.500000,14.500000,7836000
737172,14.310000,14.900000,13.850000,13.920000,13.920000,6020000
737173,13.810000,13.860000,13.360000,13.530000,13.530000,4262600
737174,13.750000,14.020000,13.580000,13.700000,13.700000,2736800
737175,13.750000,14.248000,13.750000,14.050000,14.050000,2268700
737178,13.810000,14.440000,13.810000,14.160000,14.160000,2755300
737179,14.320000,14.320000,13.700000,13.770000,13.770000,4553800
737180,14.000000,14.650000,14.000000,14.590000,14.590000,7928200
737181,14.700000,14.890000,14.360000,14.460000,14.460000,3314000
737184,14.480000,14.515000,14.240000,14.340000,14.340000,1597700
737185,14.270000,14.900000,14.160000,14.870000,14.870000,3981500
737186,14.980000,15.280000,14.800000,15.210000,15.210000,4430400
737187,15.300000,15.360000,14.910000,15.140000,15.140000,3548100
737188,15.200000,15.280000,14.940000,15.060000,15.060000,1693400
737191,14.900000,15.195000,14.870000,15.000000,15.000000,2288000
737192,14.910000,15.305000,14.830000,15.240000,15.240000,1678200
737193,15.240000,15.350000,14.960000,15.210000,15.210000,1889900
737194,15.240000,15.430000,15.100000,15.100000,15.100000,1769200
737195,15.090000,15.480000,15.030000,15.260000,15.260000,2801000
737198,15.240000,15.330000,14.970000,15.100000,15.100000,1560500
737199,15.100000,15.190000,14.450000,14.600000,14.600000,3471200
737200,14.520000,14.945000,14.410000,14.890000,14.890000,2742000
737201,14.940000,15.130000,14.810000,15.020000,15.020000,1813000
737202,15.050000,15.290000,14.050000,14.330000,14.330000,3475300
737205,14.470000,14.550000,14.070000,14.120000,14.120000,1441300
737206,14.140000,14.200000,13.740000,13.800000,13.800000,2090100
737207,13.690000,13.929000,13.610000,13.800000,13.800000,1844000
737208,13.850000,14.230000,13.639000,14.220000,14.220000,1568000
737209,14.170000,14.250000,13.850000,13.920000,13.920000,1346300
737212,13.880000,13.950000,13.570000,13.640000,13.640000,2375600
737213,13.570000,13.600000,13.230000,13.440000,13.440000,2636400
737214,13.780000,13.820000,13.525000,13.790000,13.790000,1363700
737215,13.810000,14.076000,13.790000,14.010000,14.010000,1448300
737216,14.560000,14.800000,14.320000,14.370000,14.370000,2744400
737219,14.260000,14.430000,14.150000,14.350000,14.350000,989500
737220,14.440000,14.630000,14.360000,14.510000,14.510000,939100
737221,14.450000,14.560000,14.100000,14.560000,14.560000,1357800
737222,14.630000,14.690000,14.300000,14.350000,14.350000,2952600
737223,14.300000,14.550000,14.250000,14.410000,14.410000,1341100
737226,14.500000,14.890000,14.470000,14.860000,14.860000,1401400
737227,14.860000,14.900000,14.560000,14.560000,14.560000,702900
737228,14.550000,14.700000,14.340000,14.420000,14.420000,1148600
737229,14.500000,15.510000,14.500000,15.260000,15.260000,4087400
737230,15.100000,15.610000,15.100000,15.520000,15.520000,1752900
737233,15.560000,15.910000,15.500000,15.720000,15.720000,2350000
737234,15.600000,15.700000,15.430000,15.570000,15.570000,1465300
737235,15.510000,15.750000,15.430000,15.710000,15.710000,2551300
737236,15.690000,15.870000,15.630000,15.790000,15.790000,2226700
737236,15.980000,16.500000,15.900000,16.459999,16.459999,4874600
737239,16.719999,16.780001,16.299999,16.780001,16.780001,3662000
737240,16.780001,16.780001,16.379999,16.420000,16.420000,1969800
737241,16.420000,16.500000,16.285000,16.440001,16.440001,1438800
737242,16.610001,16.959999,16.600000,16.950001,16.950001,3431000
737243,16.910000,16.930000,16.410000,16.580000,16.580000,2977500
737246,16.350000,16.895000,16.299999,16.770000,16.770000,2018500
737247,16.790001,16.879999,16.475000,16.680000,16.680000,3216000
737248,16.580000,17.004999,16.580000,16.770000,16.770000,1926800
737249,16.799999,16.809999,16.200001,16.330000,16.330000,1653900
737250,16.410000,16.719999,16.261000,16.709999,16.709999,2565600
737253,17.010000,17.010000,16.270000,16.379999,16.379999,3939200
737254,16.600000,16.650000,15.180000,15.730000,15.730000,9075000
737255,15.500000,16.629999,15.420000,16.290001,16.290001,4344600
737256,16.340000,17.084999,16.299999,16.920000,16.920000,3826400
737257,16.930000,16.980000,16.559999,16.590000,16.590000,2824300
737260,16.500000,16.940001,16.360001,16.809999,16.809999,2032900
737261,16.840000,16.990000,16.625000,16.799999,16.799999,1137900
737262,16.889999,17.299999,16.809999,17.000000,17.000000,2373000
737264,16.850000,17.299999,16.440001,17.280001,17.280001,1324900
737267,17.200001,17.500000,17.049999,17.410000,17.410000,3100100
737268,16.900000,17.100000,16.469999,16.680000,16.680000,3037700
737269,16.799999,16.886000,16.350000,16.420000,16.420000,1805500
737270,16.540001,17.195000,16.450001,16.950001,16.950001,2859100
737271,17.059999,17.240000,17.020000,17.170000,17.170000,1687200
737274,17.080000,17.389999,16.930000,16.990000,16.990000,2929800
737275,17.110001,17.190001,16.900000,16.959999,16.959999,2079200
737276,17.100000,17.610001,16.990000,17.540001,17.540001,1549000
737277,17.480000,17.830000,17.400000,17.740000,17.740000,1748000
737278,17.750000,18.040001,17.670000,17.900000,17.900000,3535100
737281,18.049999,18.080000,17.780001,17.959999,17.959999,1983500
737282,18.059999,18.059999,17.629999,17.850000,17.850000,3074800
737283,17.860001,17.860001,17.469999,17.690001,17.690001,2692300
737284,17.790001,18.090000,17.610001,18.040001,18.040001,2265700
737285,18.090000,18.500000,17.910000,17.940001,17.940001,1994900
737288,18.000000,18.500000,17.959999,18.420000,18.420000,1852600
737289,18.440001,18.570000,18.334999,18.440001,18.440001,982900
737291,18.450001,18.469000,18.240000,18.340000,18.340000,1377500
737292,18.309999,18.400000,18.100000,18.240000,18.240000,1753400
737295,18.200001,18.590000,18.129999,18.450001,18.450001,3092200
737296,18.549999,19.170000,18.475000,18.620001,18.620001,2975200
737302,19.469999,21.889999,19.299999,20.950001,20.950001,12629400
737303,20.549999,22.590000,20.530001,22.080000,22.080000,11520900
737306,21.459999,23.450001,21.410000,23.209999,23.209999,10695200
737307,23.170000,23.205000,22.420000,23.129999,23.129999,7407000
737308,22.920000,23.910000,22.190001,23.840000,23.840000,7880800
737309,24.290001,24.469999,22.870001,23.160000,23.160000,8422200
737310,22.570000,22.590000,20.830000,21.549999,21.549999,11025500
737313,22.350000,22.833000,21.850000,21.990000,21.990000,7101800
737314,22.000000,23.014999,21.980000,22.870001,22.870001,5563700
737315,22.930000,23.270000,22.760000,23.030001,23.030001,4048400
737316,23.580000,23.600000,22.760000,22.969999,22.969999,3051900
737317,23.110001,23.160000,22.410000,22.799999,22.799999,6592500
737321,22.510000,23.250000,22.139999,22.610001,22.610001,6813700
737322,22.799999,23.059999,22.530001,22.540001,22.540001,4416400
737323,22.000000,22.660000,21.750000,22.510000,22.510000,3872300
737324,22.870001,23.083000,21.590000,21.820000,21.820000,4052900
737327,20.850000,22.469999,20.610001,22.299999,22.299999,4487900
737328,22.610001,22.780001,21.990000,22.410000,22.410000,3137800
737329,22.590000,22.610001,22.040001,22.379999,22.379999,2122200
737330,22.080000,22.240000,20.780001,21.260000,21.260000,4479900
737331,21.280001,21.700001,21.129999,21.549999,21.549999,4058000
737333,21.549999,23.299999,21.510000,23.040001,23.040001,6803200
737334,23.780001,23.980000,23.257999,23.580000,23.580000,4123200
737335,24.100000,24.170000,22.757999,23.260000,23.260000,5373400
737336,23.660000,26.719999,23.160000,26.340000,26.340000,11637500
737337,26.020000,26.219999,24.520000,24.990000,24.990000,7705200
737340,25.889999,26.170000,24.830000,25.459999,25.459999,8481200
737341,25.760000,27.549999,25.760000,26.549999,26.549999,9339300
737342,27.549999,28.160000,27.059999,27.530001,27.530001,7957300
737343,27.440001,28.540001,27.360001,27.760000,27.760000,6367200
737344,28.280001,28.950001,27.830000,28.690001,28.690001,5147000
737348,29.000000,29.004999,26.646000,27.129999,27.129999,11429100
737349,27.370001,27.950001,27.370001,27.719999,27.719999,3682500
737350,27.980000,28.413000,27.000000,27.940001,27.940001,4955200
737351,27.990000,27.990000,26.719999,26.879999,26.879999,5892300
737354,25.705000,27.142000,25.280001,26.920000,26.920000,6715300
737355,27.600000,27.980000,26.580999,26.719999,26.719999,8947200
737356,27.600000,29.280001,27.070000,27.570000,27.570000,11267300
737357,27.000000,27.290001,25.754999,26.629999,26.629999,5991100
737358,25.500000,26.150000,24.559999,25.680000,25.680000,8608400
737362,26.480000,27.250000,25.860001,27.230000,27.230000,6444500
737363,27.420000,27.570000,25.850000,26.240000,26.240000,5497100
737364,26.770000,27.570000,26.719999,27.549999,27.549999,4342800
737365,27.110001,28.270000,27.070000,28.110001,28.110001,5839200
737366,27.250000,27.870001,25.930000,26.680000,26.680000,6600700
737369,24.760000,25.980000,23.700001,25.120001,25.120001,6248200
737370,26.209999,26.600000,25.115000,26.000000,26.000000,4025300
737371,25.450001,26.709999,25.160000,25.670000,25.670000,4800500
737372,23.980000,24.250000,22.840000,23.799999,23.799999,8105200
737373,25.000000,25.400000,22.230000,23.370001,23.370001,6556800
737376,21.110001,23.160000,20.000000,22.160000,22.160000,4817700
737377,23.049999,24.760000,21.295000,24.350000,24.350000,7198800
737378,22.040001,23.900000,19.250000,21.010000,21.010000,13855400
737379,21.299999,21.950001,20.000000,20.840000,20.840000,7021900
737380,21.799999,21.930000,20.000000,20.190001,20.190001,5957000
737383,20.000000,20.559999,19.450001,20.260000,20.260000,5392500
737384,21.350000,22.815001,21.129999,22.200001,22.200001,7557700
737385,22.620001,23.980000,22.500000,22.870001,22.870001,6298100
737386,23.070000,23.840000,22.660000,23.040001,23.040001,3560800
737387,22.170000,22.799999,22.049999,22.110001,22.110001,3315400
737390,22.400000,23.250000,22.150000,22.959999,22.959999,3996300
737391,22.910000,24.750000,22.510000,23.420000,23.420000,5230200
737391,23.110001,24.850000,23.110001,24.059999,24.059999,3789900
737392,23.980000,24.580000,23.240000,24.420000,24.420000,4885000
737393,24.309999,24.700001,23.610001,24.110001,24.110001,3329300
737396,24.910000,25.584999,24.719999,25.559999,25.559999,3811900
737397,26.110001,26.900000,25.540001,26.490000,26.490000,5859400
737398,25.840000,26.500000,24.400000,26.200001,26.200001,5526400
737399,27.850000,29.740000,26.299999,26.830000,26.830000,10328500
737403,27.030001,27.120001,25.809999,26.209999,26.209999,5070400
737404,27.000000,27.870001,26.790001,27.480000,27.480000,6749700
737405,27.000000,28.450001,26.820000,28.100000,28.100000,3114800
737406,28.379999,29.420000,28.045000,28.780001,28.780001,4294300
737407,29.299999,29.700001,28.370001,29.000000,29.000000,4889200
737410,28.690001,30.299999,28.440001,29.680000,29.680000,4052100
737411,29.219999,29.940001,27.920000,28.570000,28.570000,4705500
737412,29.230000,30.500000,29.200001,30.200001,30.200001,3681100
737413,29.959999,30.010000,27.500000,28.010000,28.010000,9417400
737414,27.990000,27.990000,27.320000,27.740000,27.740000,6468100
737417,28.330000,28.341000,27.590000,27.709999,27.709999,5371900
737418,28.080000,28.100000,26.610001,26.959999,26.959999,4211400
737419,27.549999,27.959999,27.209999,27.760000,27.760000,2745700
737420,27.540001,28.305000,27.090000,27.389999,27.389999,3365700
737421,26.580000,26.850000,25.000000,25.139999,25.139999,7351500
737424,26.360001,27.100000,26.045000,26.530001,26.530001,5052200
737425,27.280001,28.010000,27.260000,27.510000,27.510000,3633700
737426,28.030001,28.570000,27.910000,27.980000,27.980000,2815400
737427,28.500000,28.760000,27.889999,28.650000,28.650000,3880800
737428,28.820000,29.840000,28.620001,29.000000,29.000000,3280300
737431,28.760000,29.190001,28.080000,28.680000,28.680000,3598300
737432,28.879999,30.129999,28.629999,29.240000,29.240000,3650300
737433,29.940001,31.170000,29.820000,30.680000,30.680000,6841500
737434,30.219999,31.120001,28.650000,31.030001,31.030001,5343700
737435,30.240000,31.620001,30.100000,30.879999,30.879999,5019200
737438,32.000000,34.099998,31.860001,33.660000,33.660000,9193100
737439,33.049999,36.259998,31.360001,35.220001,35.220001,15117100
737440,35.900002,36.470001,32.150002,32.700001,32.700001,11201800
737441,31.930000,34.020000,31.500000,33.930000,33.930000,7564300
737442,32.400002,33.389999,31.549999,33.040001,33.040001,5388200
737446,33.910000,34.700001,33.060001,33.130001,33.130001,3563200
737447,34.080002,34.189999,30.879999,32.299999,32.299999,6215900
737448,31.340000,33.020000,30.540001,30.740000,30.740000,8328100
737449,30.860001,32.770000,30.440001,32.430000,32.430000,19147900
737451,32.439999,33.325001,32.320000,33.060001,33.060001,4416500
737452,33.389999,34.200001,32.410000,34.189999,34.189999,5899000
737453,34.540001,34.540001,33.310001,34.150002,34.150002,4703300
737454,34.200001,34.500000,33.280998,33.560001,33.560001,4179300
737455,33.900002,34.540001,33.110001,34.500000,34.500000,5915000
737458,34.680000,35.700001,33.840000,34.959999,34.959999,5138300
737459,34.709999,35.088001,33.790001,33.869999,33.869999,3618300
737460,34.119999,35.790001,33.939999,35.480000,35.480000,4690900
737461,34.110001,35.132000,33.584999,33.900002,33.900002,4038800
737462,34.980000,36.009998,34.290001,35.869999,35.869999,5585500
737465,35.060001,38.535000,35.020000,38.209999,38.209999,7566700
737466,39.750000,40.000000,38.330002,39.340000,39.340000,6391300
737467,39.599998,42.000000,39.080002,41.110001,41.110001,6371900
737468,41.279999,42.799999,40.700001,42.610001,42.610001,7089000
737469,44.189999,45.950001,43.650002,44.720001,44.720001,15148400
737472,45.000000,45.025002,41.540001,42.889999,42.889999,8230800
737473,43.740002,45.340000,43.270000,44.639999,44.639999,5023900
737474,44.770000,44.959999,42.549999,44.029999,44.029999,5074500
737475,43.450001,44.610001,43.450001,44.570000,44.570000,2616300
737476,44.860001,45.439999,43.639999,44.520000,44.520000,3748200
737479,44.029999,46.169998,43.590000,45.500000,45.500000,5393800
737480,45.299999,47.919998,45.299999,46.320000,46.320000,5950800
737481,46.770000,47.439999,46.029999,47.150002,47.150002,3578400
737482,48.419998,49.189999,47.810001,48.180000,48.180000,4361900
737486,51.169998,51.250000,43.400002,44.139999,44.139999,22247800
737487,45.090000,46.560001,43.500000,46.230000,46.230000,9304900
737488,47.750000,48.349998,45.099998,46.669998,46.669998,7152600
737489,49.290001,49.500000,46.709999,48.230000,48.230000,7391500
737490,47.790001,48.209999,46.130001,47.549999,47.549999,4514700
737493,48.191002,49.369999,45.000000,45.310001,45.310001,6852100
737494,43.950001,44.130001,41.299999,43.980000,43.980000,9998200
737495,44.650002,44.669998,42.660000,43.220001,43.220001,4293600
737496,40.824001,42.785000,40.380001,42.540001,42.540001,9050300
737497,42.254002,42.580002,41.529999,41.900002,41.900002,3440300
737500,42.150002,42.580002,40.810001,42.380001,42.380001,5145900
737501,44.000000,45.360001,43.500000,44.160000,44.160000,7570800
737502,43.264000,45.000000,41.779999,42.310001,42.310001,4857800
737503,43.220001,43.490002,40.615002,41.000000,41.000000,6635300
737504,39.009998,40.320000,38.540001,40.099998,40.099998,5854700
737507,40.080002,41.410000,39.660000,41.320000,41.320000,3403800
737508,41.540001,42.630001,40.759998,40.860001,40.860001,2815600
737509,41.349998,42.314999,41.099998,41.770000,41.770000,3115200
737510,41.380001,42.119999,40.770000,41.299999,41.299999,1982600
737511,41.799999,43.650002,41.450001,43.580002,43.580002,5780200
737513,44.785000,47.619999,44.410000,46.029999,46.029999,8228900
737514,46.000000,46.590000,44.564999,45.189999,45.189999,4517200
737515,45.950001,46.230000,44.939999,45.520000,45.520000,3714900
737516,46.209999,46.450001,43.439999,44.439999,44.439999,4354700
737517,42.709999,43.200001,40.770000,41.610001,41.610001,7229900
737520,42.000000,42.064999,40.240002,41.000000,41.000000,5301600
737521,41.290001,41.430000,40.119999,40.340000,40.340000,3668100
737522,40.730000,41.419998,40.284000,40.939999,40.939999,2639700
737523,41.599998,42.189999,41.119999,41.750000,41.750000,3805700
737524,41.939999,42.419998,40.900002,41.580002,41.580002,2892700
737527,42.112000,43.599998,41.955002,43.490002,43.490002,2866000
737528,43.810001,45.439999,43.810001,45.310001,45.310001,4733500
737529,44.980000,45.799999,44.380001,45.270000,45.270000,3066000
737530,45.000000,45.669998,44.689999,45.070000,45.070000,2200000
737531,44.570000,45.619999,44.549999,44.990002,44.990002,2832100
737534,46.320000,48.340000,45.634998,46.119999,46.119999,5653000
737535,45.910000,47.299999,45.049999,47.000000,47.000000,5175600
737536,47.290001,49.980000,47.235001,48.720001,48.720001,7254100
737537,45.784000,46.380001,43.799999,45.139999,45.139999,12618400
737538,45.709999,48.860001,45.509998,47.389999,47.389999,7694100
737541,47.110001,49.889999,46.715000,47.250000,47.250000,7712100
737541,48.380001,52.650002,47.759998,52.250000,52.250000,10167200
737542,52.997002,54.000000,49.599998,50.880001,50.880001,5507200
737543,49.000000,49.250000,46.509998,47.270000,47.270000,5698000
737544,46.970001,48.000000,43.939999,47.020000,47.020000,6282200
737548,44.500000,45.590000,42.919998,44.389999,44.389999,6337100
737549,45.200001,45.549999,44.110001,45.099998,45.099998,2912000
737550,44.919998,45.740002,42.709999,42.970001,42.970001,4391000
737551,43.770000,44.439999,42.383999,43.020000,43.020000,2846700
737554,43.650002,44.639999,43.209999,43.950001,43.950001,3478300
737555,45.000000,46.389999,44.900002,45.389999,45.389999,5054500
737556,45.520000,45.650002,43.740002,44.150002,44.150002,3187400
737557,42.771000,44.230000,42.540001,44.220001,44.220001,3493400
737558,44.470001,44.549999,41.639999,43.080002,43.080002,5182500
737561,41.669998,43.130001,41.400002,43.090000,43.090000,3246900
737562,43.340000,43.549999,42.400002,43.310001,43.310001,2941000
737563,43.020000,43.150002,41.220001,41.849998,41.849998,2661000
737564,41.430000,42.259998,40.400002,41.889999,41.889999,3312600
737565,41.660000,42.450001,41.220001,42.200001,42.200001,2577500
737568,42.619999,43.009998,40.889999,41.810001,41.810001,2823900
737569,41.820000,41.955002,40.410000,40.660000,40.660000,2846400
737570,40.779999,42.369999,40.610001,41.599998,41.599998,2877000
737571,42.349998,43.020000,41.630001,42.509998,42.509998,3063400
737572,41.200001,42.250000,41.099998,41.799999,41.799999,1936100
737575,42.500000,45.549999,42.400002,45.099998,45.099998,7036100
737576,46.250000,48.450001,45.790001,48.169998,48.169998,8172000
737577,48.130001,48.700001,47.470001,47.669998,47.669998,3126300
737578,48.410000,48.410000,46.000000,46.599998,46.599998,2574000
737579,47.259998,48.560001,46.840000,48.419998,48.419998,2132100
737582,49.430000,49.570000,47.465000,47.880001,47.880001,3170400
737583,48.570000,48.930000,46.810001,47.660000,47.660000,2064300
737584,46.709999,46.799999,43.599998,43.689999,43.689999,8144300
737585,44.169998,44.189999,43.060001,43.759998,43.759998,3621200
737586,44.779999,44.779999,43.250000,43.820000,43.820000,3446700
737589,44.000000,45.139999,43.790001,44.000000,44.000000,4005100
737590,44.250000,45.490002,44.066002,45.240002,45.240002,3073100
737591,45.375000,45.930000,44.650002,45.160000,45.160000,3502800
737592,45.980000,46.070000,44.110001,45.299999,45.299999,3560300
737593,45.400002,45.470001,43.930000,44.439999,44.439999,4761900
737596,43.779999,45.000000,43.730000,45.000000,45.000000,2775300
737597,45.000000,45.980000,44.669998,45.820000,45.820000,2791900
737598,45.200001,45.400002,43.610001,44.369999,44.369999,4176600
737599,45.029999,47.369999,44.849998,46.410000,46.410000,3515900
737600,45.400002,46.689999,44.320000,44.669998,44.669998,2884100
737602,45.150002,45.310001,43.209999,44.459999,44.459999,2468300
737603,43.970001,45.130001,42.919998,44.619999,44.619999,1980100
737604,45.580002,48.279999,45.580002,48.160000,48.160000,6741200
737605,49.000000,49.180000,44.599998,46.060001,46.060001,8589400
737606,46.049999,48.939999,45.099998,48.869999,48.869999,7054700
737609,49.779999,49.790001,46.009998,46.040001,46.040001,5775800
737610,45.480000,45.810001,42.700001,43.700001,43.700001,8128400
737611,44.419998,45.660000,43.639999,44.200001,44.200001,5303500
737612,45.540001,46.549999,43.880001,45.900002,45.900002,5024900
737613,46.349998,49.060001,46.220001,48.900002,48.900002,6010400
737616,49.389999,51.000000,49.169998,50.049999,50.049999,6925800
737617,50.000000,51.099998,49.060001,50.049999,50.049999,3893700
737618,49.650002,49.849998,47.150002,47.849998,47.849998,7235200
737619,49.939999,59.380001,49.400002,58.459999,58.459999,24293000
737620,59.348000,61.750000,57.779999,60.000000,60.000000,9657200
737623,61.169998,63.330002,60.320000,63.320000,63.320000,6675200
737624,64.000000,64.459999,61.740002,62.840000,62.840000,4211900
737625,60.720001,62.470001,60.400002,62.009998,62.009998,3245100
737627,63.009998,65.489998,62.299999,64.860001,64.860001,2870400
737630,63.450001,65.040001,61.759998,62.860001,62.860001,4807600
737631,63.500000,63.666000,60.340000,60.820000,60.820000,3583400
737632,59.070000,62.189999,58.560001,61.790001,61.790001,2865600
737633,61.990002,64.599998,61.849998,62.330002,62.330002,2886100
737634,62.660000,68.370003,62.650002,67.790001,67.790001,5659300
737637,68.559998,74.000000,67.682999,72.550003,72.550003,8277200
737638,72.800003,75.940002,72.720001,75.300003,75.300003,4010400
737639,77.279999,77.930000,71.889999,73.059998,73.059998,6385900
737640,72.669998,75.970001,71.922997,75.709999,75.709999,4289000
737641,76.489998,81.980003,75.190002,75.910004,75.910004,9424500
737644,78.405998,80.870003,77.040001,78.199997,78.199997,5022600
737645,80.650002,80.800003,76.000000,76.660004,76.660004,3899900
737646,77.970001,81.809998,77.970001,78.830002,78.830002,3695300
737647,79.410004,82.839996,78.599998,82.190002,82.190002,3776100
737648,84.190002,86.599998,83.150002,84.680000,84.680000,6035900
737651,83.800003,88.870003,83.379997,87.610001,87.610001,7351700
737652,89.620003,90.190002,84.830002,85.879997,85.879997,3543500
737653,87.000000,87.260002,81.080002,82.779999,82.779999,4371600
737654,81.709999,83.230003,78.599998,82.010002,82.010002,3531700
737658,82.033997,83.720001,78.879997,81.379997,81.379997,3433100
737659,82.300003,84.540001,81.129997,82.449997,82.449997,3004800
737660,87.070000,95.709999,86.779999,94.349998,94.349998,9775600
737661,94.500000,94.500000,85.089996,85.720001,85.720001,11629200
737669,90.540001,96.180000,90.449997,94.739998,94.739998,7914500
737670,97.150002,103.650002,96.199997,102.459999,102.459999,9699100
737671,100.339996,108.050003,98.599998,105.599998,105.599998,8360700
737672,105.599998,112.550003,105.500000,111.400002,111.400002,7374200
737673,114.739998,120.800003,113.980003,118.470001,118.470001,9468800
737676,114.389999,116.830002,111.199997,112.470001,112.470001,7728500
737677,118.260002,119.989998,113.599998,115.440002,115.440002,3328400
737678,115.239998,120.930000,113.234001,119.309998,119.309998,3608600
737679,121.845001,129.399994,121.309998,123.220001,123.220001,8002000
737680,125.470001,126.709999,120.000000,122.629997,122.629997,4520300
737684,127.690002,134.279999,126.370003,127.879997,127.879997,7757100
737685,134.300003,137.347000,127.330002,127.800003,127.800003,6129800
737686,129.149994,130.500000,121.764999,123.879997,123.879997,5942300
737687,123.470001,134.070007,122.800003,133.750000,133.750000,6806500
737690,142.550003,144.460007,129.429993,134.270004,134.270004,8581200
737691,134.869995,134.869995,124.660004,126.000000,126.000000,5582600
737692,122.169998,125.070000,116.339996,120.430000,120.430000,7901400
737693,119.110001,124.800003,116.889000,119.000000,119.000000,8159400
737694,118.379997,119.875000,113.330002,113.889999,113.889999,9860000
737696,120.980003,122.329002,116.809998,121.639999,121.639999,8453000
737697,127.989998,131.990005,121.620003,129.979996,129.979996,6234400
737698,133.270004,136.500000,129.350006,135.190002,135.190002,6209200
737699,150.350006,150.350006,140.179993,142.570007,142.570007,9308400
737700,143.300003,144.039993,134.220001,138.979996,138.979996,6692300
737703,141.000000,146.220001,140.380005,144.039993,144.039993,4493300
737704,143.673996,146.979996,138.380005,140.119995,140.119995,5741000
737705,135.500000,157.617004,133.703995,156.369995,156.369995,12312100
737706,156.449997,157.660004,148.389999,148.520004,148.520004,4830900
737707,144.979996,155.039993,144.699997,153.119995,153.119995,2660300
737711,156.389999,157.399994,145.369995,148.839996,148.839996,5417000
737712,149.289993,153.570007,143.800003,146.839996,146.839996,4580900
737713,140.000000,144.399994,139.210007,143.470001,143.470001,3901200
737714,146.888000,151.789993,141.970001,143.600006,143.600006,4785400
737717,135.880005,139.929993,128.199997,129.110001,129.110001,7583300
737718,125.300003,129.970001,114.980003,129.259995,129.259995,9044200
737719,126.699997,128.649994,118.830002,127.139999,127.139999,6652100
737720,140.690002,147.710007,130.399994,131.839996,131.839996,18432300
737721,132.039993,136.089996,121.089996,125.970001,125.970001,9150000
737726,132.949997,145.490005,130.531998,144.669998,144.669998,8027200
737727,139.919998,144.449997,137.000000,137.940002,137.940002,4718800
737728,140.550003,145.914993,137.000000,138.779999,138.779999,5678900
737729,134.658005,136.389999,122.000000,126.660004,126.660004,11326600
737730,128.389999,128.389999,110.000000,118.839996,118.839996,12049900
737733,111.000000,114.000000,97.410004,98.589996,98.589996,16406100
737734,104.150002,110.790001,104.010002,107.400002,107.400002,11670400
737735,110.620003,112.660004,101.809998,103.099998,103.099998,9293300
737736,112.849998,114.472000,108.110001,110.440002,110.440002,9068500
737737,106.180000,110.879997,105.529999,109.989998,109.989998,4187500
737740,107.712997,112.800003,107.199997,111.650002,111.650002,3421100
737741,116.300003,119.830002,111.779999,113.309998,113.309998,7709700
737742,111.489998,112.252998,103.730003,111.349998,111.349998,7730900
737743,110.500000,113.680000,108.379997,108.820000,108.820000,3617000
737744,108.949997,111.199997,107.120003,108.860001,108.860001,3868300
737747,109.349998,110.250000,104.309998,106.879997,106.879997,5604700
737748,105.629997,107.500000,104.949997,105.989998,105.989998,5330700
737749,104.730003,106.000000,94.589996,95.699997,95.699997,14206700
737750,90.849998,96.888000,90.000000,95.650002,95.650002,6910300
737751,95.489998,101.739998,91.260002,97.080002,97.080002,9639800
737754,99.330002,104.050003,98.099998,101.540001,101.540001,15293000
737755,101.529999,107.260002,100.040001,105.050003,105.050003,5813800
737756,107.599998,108.379997,104.199997,107.059998,107.059998,4572900
737756,113.089996,117.879997,110.849998,111.980003,111.980003,5500900
737760,112.620003,113.300003,107.769997,110.419998,110.419998,2872900
737761,110.000000,115.279999,109.779999,114.150002,114.150002,3521000
737762,109.260002,110.519997,106.195000,106.750000,106.750000,7207900
737763,110.110001,110.863998,108.150002,109.150002,109.150002,2630600
737764,108.000000,108.180000,104.190002,105.800003,105.800003,3723900
737767,103.897003,104.070000,101.250000,103.000000,103.000000,2710900
737768,103.790001,105.290001,101.580002,104.430000,104.430000,2396400
737769,105.599998,106.089996,102.510002,103.040001,103.040001,2424300
737770,103.919998,104.150002,101.410004,103.000000,103.000000,2703500
737771,103.650002,103.989998,102.120003,103.480003,103.480003,2577800
737774,104.360001,107.955002,103.650002,105.720001,105.720001,3275700
737775,105.279999,105.370003,98.379997,100.639999,100.639999,4782000
737776,99.930000,105.199997,98.760002,104.160004,104.160004,3185200
737777,104.690002,111.389999,104.510002,108.150002,108.150002,4838900
737778,110.339996,117.849998,110.339996,116.660004,116.660004,6108400
737781,115.218002,118.690002,114.209999,118.459999,118.459999,3294900
737782,119.720001,122.730003,117.839996,120.160004,120.160004,4438300
737783,121.450996,122.410004,119.626999,120.639999,120.639999,2626300
737784,119.870003,120.639999,112.790001,114.620003,114.620003,4084600
737785,112.230003,114.589996,110.260002,110.860001,110.860001,4328500
737788,110.129997,110.250000,105.415001,106.129997,106.129997,3755100
737789,106.766998,108.580002,103.769997,106.339996,106.339996,4032000
737790,106.610001,108.849998,104.519997,105.070000,105.070000,2381100
737791,106.000000,106.540001,101.000000,104.110001,104.110001,3157200
737792,104.769997,105.940002,100.599998,101.669998,101.669998,2969100
737795,99.190002,99.309998,93.410004,94.639999,94.639999,6189000
737796,92.129997,98.309998,90.870003,97.849998,97.849998,3808300
737797,98.639999,98.639999,92.879997,93.900002,93.900002,5540000
737798,96.470001,99.669998,84.400002,87.489998,87.489998,9325200
737799,91.000000,98.000000,89.339996,96.870003,96.870003,7448600
737802,96.900002,99.900002,94.720001,98.239998,98.239998,4564300
737803,99.900002,104.404999,99.489998,101.059998,101.059998,3787500
737804,97.639999,102.949997,97.019997,102.459999,102.459999,2870400
737805,104.019997,107.059998,101.599998,102.800003,102.800003,5084800
737806,103.540001,103.988998,101.589996,102.430000,102.430000,3185700
737809,102.089996,103.800003,100.699997,101.180000,101.180000,5127700
737810,104.184998,104.879997,101.540001,102.470001,102.470001,4075400
737811,103.230003,105.190002,102.610001,103.599998,103.599998,5069600
737812,104.790001,104.790001,99.919998,104.000000,104.000000,8593200
737813,102.940002,108.250000,102.489998,107.180000,107.180000,3643500
737816,111.040001,114.989998,110.419998,113.529999,113.529999,5227300
737817,114.250000,115.900002,110.184998,111.930000,111.930000,4687800
737818,109.589996,109.589996,105.110001,105.239998,105.239998,3504200
737819,106.780998,109.250000,105.629997,108.930000,108.930000,2446300
737822,106.209999,107.250000,103.510002,104.629997,104.629997,2439200
737823,105.150002,108.959999,105.150002,107.750000,107.750000,2754200
737824,108.650002,111.059998,107.010002,107.040001,107.040001,1922000
737825,107.500000,112.500000,106.309998,112.209999,112.209999,3523800
737826,110.620003,112.117996,109.910004,111.410004,111.410004,2712200
737829,111.510002,116.790001,111.500000,115.449997,115.449997,3611500
737830,113.699997,114.050003,110.652000,111.110001,111.110001,1971200
737831,108.779999,112.120003,108.500000,111.449997,111.449997,2765600
737832,110.559998,114.989998,110.400002,114.389999,114.389999,2539300
737833,114.970001,119.190002,114.559998,118.379997,118.379997,10606000
737836,117.110001,117.750000,111.830002,113.580002,113.580002,3092100
737837,111.269997,111.269997,108.599998,110.129997,110.129997,4685200
737838,110.500000,116.989998,110.199997,114.360001,114.360001,2868100
737839,115.419998,121.989998,115.419998,121.589996,121.589996,4589300
737840,122.495003,128.699997,121.260002,124.449997,124.449997,7137000
737843,127.500000,129.240005,123.540001,126.849998,126.849998,2693800
737844,124.339996,126.959999,121.830002,125.559998,125.559998,2772200
737845,123.599998,124.110001,121.699997,121.839996,121.839996,1667600
737846,122.570000,124.389999,118.699997,121.110001,121.110001,2752500
737847,119.026001,122.425003,117.279999,119.580002,119.580002,2159000
737851,113.198997,113.489998,107.739998,108.660004,108.660004,5952800
737852,110.500000,111.239998,103.040001,103.980003,103.980003,4712500
737853,100.879997,101.389999,97.980003,100.199997,100.199997,5982900
737854,105.059998,107.099998,102.300003,106.739998,106.739998,8201000
737857,107.339996,108.339996,104.459999,106.980003,106.980003,2363800
737858,110.489998,112.680000,108.220001,110.379997,110.379997,4022500
737859,111.070000,111.629997,107.910004,108.589996,108.589996,2190800
737860,109.080002,114.279999,108.480003,110.120003,110.120003,3376800
737861,110.930000,111.500000,108.169998,109.010002,109.010002,1579600
737864,106.080002,108.919998,104.430000,108.480003,108.480003,2288500
737865,108.330002,112.500000,106.989998,111.919998,111.919998,1862900
737866,110.529999,116.180000,110.199997,115.580002,115.580002,2855000
737867,112.599998,112.599998,107.910004,108.660004,108.660004,6764300
737868,100.040001,100.550003,90.809998,95.209999,95.209999,15424900
737871,88.050003,91.315002,85.709999,87.459999,87.459999,12304200
737872,80.839996,85.480003,79.070000,82.730003,82.730003,15408200
737873,86.970001,95.949997,86.650002,92.559998,92.559998,10074400
737874,93.379997,93.699997,88.680000,89.379997,89.379997,5803300
737875,83.540001,86.410004,82.580002,85.580002,85.580002,5440400
737877,85.690002,92.500000,84.959999,90.379997,90.379997,4778100
737878,83.599998,84.830002,81.180000,84.000000,84.000000,7142700
737879,84.669998,86.110001,82.099998,82.910004,82.910004,3657300
737880,80.120003,81.519997,78.730003,80.339996,80.339996,5892800
737881,80.699997,81.339996,77.560997,78.680000,78.680000,4790500
737884,79.680000,83.160004,76.250000,82.000000,82.000000,3985000
737885,84.930000,85.150002,79.760002,80.190002,80.190002,6795300
737886,80.610001,81.080002,78.220001,80.370003,80.370003,3729200
737887,79.300003,80.334999,77.879997,79.940002,79.940002,4326700
737888,78.269997,78.269997,73.809998,74.099998,74.099998,6634000
737891,71.930000,72.519997,69.099998,69.459999,69.459999,6534100
737892,66.500000,69.580002,64.150002,67.779999,67.779999,8000100
737893,70.349998,70.349998,66.510002,68.459999,68.459999,4173800
737894,65.269997,66.680000,61.630001,64.330002,64.330002,9319400
737895,65.129997,70.489998,65.110001,66.540001,66.540001,7478800
737898,68.809998,71.500000,67.570000,70.120003,70.120003,6942700
737899,75.190002,78.800003,75.000000,78.410004,78.410004,9824400
737900,76.400002,79.889999,76.125000,79.620003,79.620003,5368600
737901,77.629997,79.320000,76.559998,77.489998,77.489998,4661800
737902,76.475998,76.889999,74.440002,75.330002,75.330002,4522500
737905,70.199997,74.620003,70.000000,74.129997,74.129997,7378000
737906,76.269997,80.239998,75.110001,80.230003,80.230003,7722400
737906,82.516998,87.489998,81.750000,84.559998,84.559998,9111000
737907,85.470001,86.480003,82.459999,83.730003,83.730003,4282600
737908,84.930000,87.260002,84.550003,85.949997,85.949997,3024900
737912,90.800003,93.470001,90.430000,91.139999,91.139999,6870500
737913,87.660004,88.650002,84.220001,85.800003,85.800003,5515100
737914,79.269997,84.239998,78.150002,83.830002,83.830002,6479100
737915,84.690002,86.157997,82.885002,83.459999,83.459999,2826800
737918,81.639999,82.089996,79.080002,80.529999,80.529999,3563200
737919,78.930000,80.349998,78.389999,79.500000,79.500000,2052000
737920,76.760002,76.779999,73.879997,76.239998,76.239998,4851100
737921,73.699997,74.559998,71.690002,72.720001,72.720001,6547700
737922,74.730003,75.120003,72.360001,74.440002,74.440002,4168300
737925,71.070000,73.330002,68.644997,69.779999,69.779999,4432200
737926,71.019997,71.480003,69.349998,70.559998,70.559998,2526700
737927,71.120003,74.910004,71.120003,73.779999,73.779999,3334000
737928,74.559998,74.779999,72.050003,74.339996,74.339996,2964600
737929,71.300003,72.190002,70.040001,70.730003,70.730003,2888000
737932,70.000000,72.150002,67.839996,71.360001,71.360001,3630700
737933,70.290001,70.650002,66.190002,66.540001,66.540001,7133600
737934,66.629997,68.000000,64.239998,64.379997,64.379997,6158400
737935,64.970001,66.879997,63.910000,66.169998,66.169998,3790400
737936,66.690002,66.839996,63.299999,64.879997,64.879997,2031100
737939,64.000000,64.000000,60.470001,61.990002,61.990002,4857500
737940,62.639999,65.570000,62.070000,64.500000,64.500000,2710100
737941,62.720001,65.160004,62.410000,64.269997,64.269997,2128600
737942,68.025002,71.959999,67.948997,70.400002,70.400002,5389000
737943,71.529999,72.000000,69.900002,70.959999,70.959999,2535700
737946,73.199997,73.199997,70.459999,70.559998,70.559998,2276900
737947,69.660004,71.559998,68.730003,69.000000,69.000000,2401000
737948,69.589996,71.445000,68.889999,71.339996,71.339996,1700200
737949,70.199997,70.989998,68.120003,69.519997,69.519997,1999200
737950,70.790001,70.790001,68.690002,70.089996,70.089996,4687700
737953,71.650002,77.150002,70.790001,75.040001,75.040001,5419800
737954,78.210999,81.489998,77.900002,80.760002,80.760002,6879000
737955,82.959999,83.000000,79.820000,82.410004,82.410004,5756000
737956,80.750000,83.800003,80.750000,82.620003,82.620003,3796200
737957,83.349998,84.180000,81.309998,82.099998,82.099998,2530100
737960,83.000000,83.199997,80.750000,80.970001,80.970001,2051200
737961,80.000000,80.449997,74.709999,76.139999,76.139999,3892200
737962,74.779999,78.599998,74.470001,76.650002,76.650002,2591500
737963,74.330002,76.660004,74.199997,76.449997,76.449997,2188300
737964,75.750000,76.489998,73.165001,73.300003,73.300003,2716300
737966,74.050003,80.970001,74.010002,80.690002,80.690002,3417700
737967,76.599998,78.190002,76.199997,77.930000,77.930000,2324200
737968,78.500000,79.370003,77.550003,79.199997,79.199997,1472800
737969,80.500000,80.959999,75.220001,75.480003,75.480003,3469700
737970,76.266998,76.720001,73.970001,74.820000,74.820000,1912800
737973,76.309998,78.419998,76.309998,77.330002,77.330002,1801800
737974,78.174004,78.800003,75.500000,77.430000,77.430000,1705000
737975,80.000000,84.290001,78.650002,81.309998,81.309998,4171700
737976,84.500000,87.400002,84.000000,84.830002,84.830002,3622500
737977,83.839996,87.000000,83.669998,86.050003,86.050003,2323300
737980,86.559998,87.650002,83.720001,85.349998,85.349998,2675200
737981,88.360001,89.800003,87.110001,89.019997,89.019997,4090500
737982,85.504997,85.639999,80.099998,81.029999,81.029999,6883800
737983,73.330002,73.457001,65.669998,67.120003,67.120003,21270700
737984,67.949997,67.949997,66.010002,67.120003,67.120003,9310700
737987,69.910004,70.160004,68.059998,68.709999,68.709999,7675200
737988,69.230003,70.650002,67.910004,69.500000,69.500000,4400000
737989,69.070000,72.949997,68.500000,72.470001,72.470001,4084700
737991,68.000000,69.879997,66.629997,68.790001,68.790001,3758600
737994,68.029999,69.500000,66.760002,67.570000,67.570000,3233200
737995,66.190002,67.379997,63.700001,66.010002,66.010002,5236900
737996,66.500000,67.398003,62.430000,62.549999,62.549999,4276400
737997,61.509998,62.590000,57.009998,59.169998,59.169998,6186100
737998,54.860001,57.259998,52.070000,54.939999,54.939999,11810400
738001,53.680000,57.130001,52.090000,57.000000,57.000000,5897500
738002,60.549999,62.459999,59.110001,61.160000,61.160000,5507400
738003,58.580002,61.830002,58.009998,60.520000,60.520000,3192300
738004,60.410000,61.849998,59.369999,59.450001,59.450001,2626000
738005,58.619999,59.619999,57.290001,59.130001,59.130001,5887600
738008,57.965000,58.389999,55.485001,55.560001,55.560001,5147900
738009,54.130001,54.980000,52.000000,52.970001,52.970001,9642400
738010,52.279999,52.279999,48.730000,50.709999,50.709999,10724200
738011,51.700001,52.599998,49.680000,50.080002,50.080002,6654400
738012,49.520000,50.520000,47.389999,49.950001,49.950001,8894900
738015,47.770000,47.959999,43.209999,44.139999,44.139999,7849900
738016,46.049999,49.480000,46.049999,49.310001,49.310001,10329700
738017,47.450001,48.290001,46.549999,47.000000,47.000000,5580600
738018,45.439999,46.290001,44.169998,45.910000,45.910000,8128900
738022,45.470001,47.799999,44.590000,44.590000,44.590000,3145500
738023,44.630001,45.450001,43.799999,44.330002,44.330002,4779700
738024,44.160000,44.189999,41.763000,42.570000,42.570000,5530700
738025,42.665001,48.869999,42.549999,47.740002,47.740002,7083500
738026,46.160000,47.980000,45.549999,46.400002,46.400002,3945700
738033,46.009998,46.349998,43.689999,44.389999,44.389999,4914300
738034,42.200001,42.660000,39.919998,40.419998,40.419998,9273700
738035,38.810001,41.235001,37.900002,37.950001,37.950001,8654300
738036,37.529999,40.290001,36.124001,39.009998,39.009998,8819300
738037,37.799999,40.200001,37.389999,38.439999,38.439999,8389900
738040,39.369999,41.580002,37.910000,40.889999,40.889999,8005700
738041,40.099998,42.314999,39.820000,41.860001,41.860001,7218800
738042,43.708000,44.450001,40.439999,41.700001,41.700001,6644000
738043,40.290001,40.959999,37.029999,37.240002,37.240002,7883700
738044,38.000000,38.810001,37.439999,38.689999,38.689999,4399000
738048,37.119999,39.520000,36.900002,37.990002,37.990002,3695800
738049,38.009998,38.849998,37.459999,37.720001,37.720001,3385300
738050,40.349998,41.740002,39.169998,39.330002,39.330002,9410400
738051,39.650002,39.810001,35.720001,36.080002,36.080002,6942900
738054,34.980000,35.290001,32.521000,35.189999,35.189999,9508400
738055,33.939999,35.830002,33.619999,34.209999,34.209999,3574700
738056,34.590000,34.959999,31.719999,32.110001,32.110001,5231800
738057,31.110001,32.509998,30.010000,30.250000,30.250000,6690200
738058,29.709999,30.570000,28.320000,30.540001,30.540001,6717900
738061,31.750000,35.389999,31.250000,35.290001,35.290001,6348000
738061,34.945000,36.340000,33.700001,35.889999,35.889999,4349500
738062,35.889999,35.889999,33.299999,33.689999,33.689999,3208500
738063,32.599998,34.060001,32.090000,32.599998,32.599998,2410700
738064,32.799999,34.400002,31.700001,33.509998,33.509998,3438000
738067,32.840000,34.369999,32.000000,32.310001,32.310001,3418800
738068,32.230000,34.810001,31.930000,34.580002,34.580002,3381900
738069,35.400002,37.740002,35.299999,36.880001,36.880001,7917700
738070,35.849998,38.450001,35.259998,36.480000,36.480000,4705800
738071,36.680000,37.189999,34.849998,35.139999,35.139999,3435800
738074,34.453999,35.099998,33.770000,34.330002,34.330002,2988900
738075,35.349998,37.529999,35.200001,37.119999,37.119999,3443200
738076,37.029999,38.320000,36.200001,37.840000,37.840000,3440100
738077,37.400002,39.099998,36.150002,36.540001,36.540001,3859400
738078,34.139999,34.639999,32.389999,34.279999,34.279999,7356700
738082,31.500000,32.599998,30.900000,31.040001,31.040001,6546300
738083,31.670000,32.389999,30.070000,30.150000,30.150000,4208700
738084,28.250000,32.240002,28.010000,32.130001,32.130001,4962000
738085,31.230000,31.650000,30.180000,31.459999,31.459999,4186600
738088,30.629999,32.529999,30.125000,31.610001,31.610001,5129700
738091,31.930000,33.470001,30.980000,31.200001,31.200001,6162100
738092,31.100000,31.570000,29.690001,30.160000,30.160000,6236600
738093,32.970001,33.470001,27.200001,27.780001,27.780001,13755900
738094,26.895000,27.120001,25.150000,25.459999,25.459999,8885100
738097,24.520000,24.742001,23.080000,23.420000,23.420000,10609400
738098,22.670000,23.400000,21.790001,22.700001,22.700001,11335000
738099,23.430000,25.980000,23.190001,25.240000,25.240000,10343500
738100,22.850000,22.870001,21.320999,21.680000,21.680000,12620400
738101,22.010000,22.160000,18.879999,19.020000,19.020000,13297600
738104,17.010000,18.660000,14.930000,16.959999,16.959999,21029000
738105,16.600000,20.430000,16.240000,18.860001,18.860001,19865500
738106,25.070000,28.090000,22.709999,27.830000,27.830000,35185800
738107,26.020000,26.400000,23.100000,23.840000,23.840000,17936200
738108,24.530001,30.820000,24.070000,27.549999,27.549999,29143400
738111,25.410000,26.240000,23.809999,24.910000,24.910000,15764000
738112,27.000000,31.540001,26.943001,29.900000,29.900000,26919300
738113,28.660000,35.000000,27.660000,31.530001,31.530001,34026400
738114,30.889999,32.119999,28.520000,30.309999,30.309999,20579200
738115,28.235001,28.895000,26.629999,27.530001,27.530001,14358500
738118,28.670000,30.450001,27.809999,28.540001,28.540001,10832800
738119,29.920000,31.590000,29.580000,29.719999,29.719999,15174600
738120,28.250000,30.500000,28.090000,28.219999,28.219999,8530800
738121,27.430000,27.940001,25.410000,25.580000,25.580000,10747600
738121,29.360001,29.770000,27.330000,27.620001,27.620001,17422300
738124,30.285000,33.779999,29.410999,32.189999,32.189999,24005300
738125,31.670000,31.700001,29.549999,30.160000,30.160000,10621700
738126,29.969999,30.440001,28.510000,30.020000,30.020000,11280700
738127,29.370001,29.490000,26.459999,27.610001,27.610001,12805000
738128,27.020000,27.660000,25.660000,25.709999,25.709999,11724000
738131,28.225000,29.180000,27.049999,27.570000,27.570000,36062400
738132,27.400000,27.549999,24.570000,24.940001,24.940001,14455700
738133,25.400000,27.209999,24.700001,26.240000,26.240000,8988700
738134,25.639999,26.080000,24.639999,24.940001,24.940001,9154900
738138,24.139999,24.424999,22.570000,23.340000,23.340000,13419000
738139,22.709999,24.170000,22.030001,24.100000,24.100000,9803100
738140,23.600000,23.639999,22.030001,22.190001,22.190001,8232700
738141,21.950001,22.850000,20.731001,21.000000,21.000000,9208700
738142,21.320000,22.620001,20.934999,21.080000,21.080000,9253500
738145,20.030001,21.480000,19.530001,21.250000,21.250000,10451600
738146,21.100000,21.219999,20.219999,20.570000,20.570000,8733700
738147,20.900000,23.000000,20.879999,22.230000,22.230000,12001800
738148,22.450001,22.830000,21.193001,22.170000,22.170000,6480500
738149,25.959999,26.280001,24.299999,24.340000,24.340000,12961700
738152,22.530001,24.480000,21.860001,24.459999,24.459999,10344500
738153,24.020000,24.980000,22.900000,23.389999,23.389999,6972100
738154,22.450001,24.170000,21.680000,24.070000,24.070000,7810100
738155,22.879999,23.430000,21.004999,21.500000,21.500000,7552100
738156,21.280001,21.469999,19.850000,20.850000,20.850000,7579200
738159,20.110001,20.150000,18.709999,18.799999,18.799999,7860100
738160,19.950001,19.959999,18.020000,19.160000,19.160000,8550200
738161,20.190001,20.940001,18.719999,18.850000,18.850000,9802400
738162,18.600000,19.799999,17.480000,18.910000,18.910000,8618300
738163,19.440001,20.790001,19.410000,20.600000,20.600000,6440300
738166,20.600000,21.850000,20.340000,20.629999,20.629999,5806200
738167,21.799999,22.389999,20.760000,21.129999,21.129999,6607100
738168,20.620001,21.760000,20.500000,20.750000,20.750000,4674800
738169,21.495001,22.795000,20.664000,21.590000,21.590000,11377100
738170,22.209999,22.730000,21.100000,21.799999,21.799999,6784200
738173,21.559999,21.610001,20.650000,21.230000,21.230000,4407600
738174,20.200001,20.490000,18.350000,18.690001,18.690001,9106700
738175,19.360001,19.930000,18.820000,19.270000,19.270000,6374500
738176,19.129999,21.219999,18.629999,20.940001,20.940001,7477700
738177,20.440001,21.362000,19.459999,21.250000,21.250000,8309300
738181,23.000000,23.700001,22.170000,22.350000,22.350000,11939500
738181,23.070000,23.840000,22.110001,22.540001,22.540001,6487400
738182,23.080000,25.340000,23.080000,25.000000,25.000000,9902600
738183,24.430000,24.834000,23.980000,24.170000,24.170000,4810200
738186,25.740000,27.150000,25.150000,25.490000,25.490000,9929900
738187,25.700001,28.434999,25.160000,28.030001,28.030001,14489500
738188,30.129999,30.350000,27.830000,29.709999,29.709999,16988900
738189,25.290001,27.379999,24.730000,25.320000,25.320000,21699800
738190,26.959999,27.200001,25.360001,26.100000,26.100000,13032800
738193,25.000000,25.469999,22.379999,23.490000,23.490000,10527700
738194,24.760000,26.059999,24.320000,25.809999,25.809999,8461700
738195,26.350000,27.450001,25.600000,26.950001,26.950001,6244900
738196,25.450001,26.389999,25.365000,25.830000,25.830000,5387500
738197,27.049999,27.469999,25.650000,26.320000,26.320000,7025800
738201,27.190001,27.889999,26.424999,27.540001,27.540001,5400700
738202,26.535000,27.280001,26.000000,26.590000,26.590000,5780300
738203,26.865000,28.230000,26.610001,27.850000,27.850000,5261500
738204,28.230000,28.420000,27.209999,27.809999,27.809999,7285900
738207,28.680000,29.450001,27.665001,28.200001,28.200001,6406300
738208,27.990000,28.450001,26.860001,27.230000,27.230000,4782800
738209,26.459999,26.709999,25.450001,26.059999,26.059999,6255300
738210,25.670000,25.910000,24.910000,25.600000,25.600000,5437600
738211,25.830000,26.780001,25.650000,26.740000,26.740000,3167700
738215,26.350000,27.790001,26.120001,27.709999,27.709999,3909700
738216,26.969999,27.400000,25.150000,26.209999,26.209999,4984000
738217,26.610001,28.469999,26.440001,27.959999,27.959999,5599900
738218,27.190001,27.450001,26.480000,26.780001,26.780001,5286500
738221,25.270000,25.270000,24.010000,24.110001,24.110001,5476600
738222,24.299999,24.790001,23.680000,24.250000,24.250000,3504500
738223,23.780001,25.020000,23.740000,24.620001,24.620001,4185000
738224,23.969999,24.219999,22.709999,23.090000,23.090000,6254600
738225,22.639999,22.920000,21.552000,22.879999,22.879999,6289500
738228,24.000000,25.659000,24.000000,24.430000,24.430000,7208300
738229,24.799999,26.040001,24.480000,25.520000,25.520000,5263000
738230,25.520000,25.590000,24.730000,25.360001,25.360001,5084400
738231,26.100000,27.415001,26.020000,26.990000,26.990000,4917100
738232,26.570000,26.740000,25.440001,25.590000,25.590000,2613200
738235,25.799999,26.139999,25.242001,25.900000,25.900000,1785900
738236,26.100000,26.160000,24.728001,24.959999,24.959999,3948900
738237,25.290001,26.100000,24.459999,26.080000,26.080000,2895300
738238,25.530001,26.016001,24.330000,25.410000,25.410000,3039100
738239,23.820000,24.510000,23.260000,24.440001,24.440001,3422500
738241,23.430000,23.620001,22.620001,23.320000,23.320000,5933800
738242,22.520000,24.540001,22.516001,23.809999,23.809999,5613400
738243,23.290001,24.540001,22.820000,24.400000,24.400000,4289300
738244,25.090000,25.969999,24.875000,24.990000,24.990000,3504200
738245,24.320000,24.670000,23.870001,24.580000,24.580000,2043500
738248,24.610001,25.620001,24.389999,24.650000,24.650000,3144600
738249,24.580000,25.100000,23.820000,24.110001,24.110001,2068600
738250,24.160000,24.370001,22.889999,24.270000,24.270000,3855800
738251,25.170000,26.459999,24.870001,25.209999,25.209999,4019000
738252,24.260000,25.459999,24.059999,25.400000,25.400000,2247800
738255,25.270000,25.920000,25.150000,25.270000,25.270000,2372200
738256,24.430000,24.690001,24.100000,24.600000,24.600000,3131900
738257,24.320000,24.830000,23.732000,23.840000,23.840000,2520400
738258,23.250000,23.437000,22.889999,23.250000,23.250000,3596000
738259,22.920000,23.000000,22.410000,22.559999,22.559999,2644100
738262,22.900000,23.617001,22.379999,23.170000,23.170000,2740700
738263,23.770000,24.030001,22.620001,23.740000,23.740000,2827000
738264,22.820000,24.545000,22.260000,24.410000,24.410000,6021400
738265,25.872000,27.469999,25.440001,27.360001,27.360001,8526400
738266,28.840000,28.860001,25.010000,25.240000,25.240000,9334000
738269,24.700001,25.540001,23.905001,23.950001,23.950001,5854200
738270,24.000000,24.170000,22.520000,23.150000,23.150000,5391000
738271,24.230000,25.333000,24.090000,24.959999,24.959999,5706200
738271,24.340000,24.980000,23.950001,24.799999,24.799999,2905500
738272,24.100000,24.260000,23.424999,23.580000,23.580000,3645500
738276,23.100000,23.360001,22.459999,22.510000,22.510000,4825200
738277,22.805000,23.875000,22.090000,23.620001,23.620001,5866200
738278,20.459999,21.000000,19.450001,20.070000,20.070000,25292100
738279,19.500000,20.200001,19.200001,19.320000,19.320000,11817500
738282,19.360001,20.219999,19.139999,20.150000,20.150000,5902300
738283,19.450001,19.500000,18.410000,18.490000,18.490000,8281700
738284,18.290001,18.639999,17.980000,18.459999,18.459999,4663600
738285,18.129999,18.730000,17.495001,18.170000,18.170000,4734900
738286,17.570000,17.719999,16.950001,17.059999,17.059999,6267700
738289,16.510000,17.230000,16.360001,17.190001,17.190001,3296900
738290,16.790001,17.145000,16.639999,16.719999,16.719999,4151400
738291,16.379999,16.980000,16.059999,16.240000,16.240000,5908200
738292,16.350000,16.940001,16.260000,16.450001,16.450001,4721000
738293,15.990000,16.225000,15.700000,16.180000,16.180000,4877800
738296,16.570000,16.889999,16.070000,16.090000,16.090000,3442300
738297,16.360001,17.240000,15.900000,16.000000,16.000000,3750100
738298,15.360000,16.270000,15.360000,16.180000,16.180000,2965300
738299,15.540000,15.680000,14.950000,15.250000,15.250000,4854700
738300,14.900000,15.505000,14.900000,15.320000,15.320000,4092500
738303,15.430000,15.725000,15.210000,15.590000,15.590000,2994000
738304,16.040001,17.139999,16.040001,17.000000,17.000000,5736600
738305,16.400000,16.975000,16.330000,16.750000,16.750000,3955400
738306,16.555000,16.809999,16.020000,16.080000,16.080000,3855300
738307,15.610000,15.880000,15.110000,15.450000,15.450000,5199100
738310,14.620000,14.640000,13.410000,13.800000,13.800000,9333300
738311,13.020000,13.320000,12.595000,12.800000,12.800000,9363600
738312,12.730000,12.995000,12.330000,12.490000,12.490000,6884600
738313,11.482000,12.145000,11.010000,11.870000,11.870000,9479200
738314,12.040000,12.220000,11.170000,11.180000,11.180000,5863800
738317,11.730000,12.500000,11.710000,12.090000,12.090000,9941400
738318,12.700000,12.870000,11.890000,12.280000,12.280000,7705700
738319,11.610000,11.660000,11.000000,11.030000,11.030000,9143500
738320,11.101000,11.740000,10.940000,11.070000,11.070000,6523000
738321,10.730000,11.080000,10.395000,11.050000,11.050000,7502600
738324,9.160000,9.530000,8.230000,9.190000,9.190000,20890700
738325,9.635000,10.030000,9.490000,9.930000,9.930000,12471800
738326,9.710000,11.030000,9.640000,10.480000,10.480000,15888300
738327,9.770000,10.215000,9.500000,9.520000,9.520000,10108800
738328,8.960000,8.990000,8.525000,8.950000,8.950000,9410700
738331,8.745000,9.210000,8.740000,8.920000,8.920000,6714200
738331,9.780000,9.975000,9.210000,9.230000,9.230000,12662300
738332,9.550000,9.790000,9.105000,9.260000,9.260000,10879200
738333,8.880000,9.730000,8.830000,9.530000,9.530000,8010700
738334,11.070000,11.740000,10.455000,11.710000,11.710000,21998800
738337,12.310000,12.732000,11.410000,11.820000,11.820000,16347400
738338,11.400000,11.630000,10.900000,11.560000,11.560000,9035700
738339,10.780000,10.850000,10.070000,10.170000,10.170000,9154000
738340,11.030000,12.040000,11.020000,11.710000,11.710000,9643800
738341,12.330000,12.805000,11.910000,12.670000,12.670000,10533700
738344,13.160000,13.490000,12.700000,12.880000,12.880000,7220900
738345,14.950000,16.879999,14.740000,16.280001,16.280001,24960300
738346,15.930000,16.105000,15.300000,15.460000,15.460000,13639200
738347,14.920000,16.530001,14.640000,15.790000,15.790000,13785700
738348,15.470000,15.470000,14.110000,14.720000,14.720000,10406200
738351,14.210000,14.220000,13.220000,13.520000,13.520000,7820100
738352,12.940000,13.180000,12.655000,13.150000,13.150000,6163100
738353,13.460000,13.600000,13.020000,13.280000,13.280000,4974400
738355,12.600000,12.890000,12.225000,12.330000,12.330000,6214800
738358,12.220000,13.190000,12.210000,12.590000,12.590000,9889000
738359,14.290000,15.730000,14.270000,15.400000,15.400000,34611900
738360,16.510000,17.740000,16.510000,17.360001,17.360001,25309000
738361,16.660000,17.180000,16.370001,17.020000,17.020000,7135500
738362,16.610001,19.990000,16.500000,19.840000,19.840000,28678000
738365,22.340000,23.010000,19.360001,19.690001,19.690001,30351500
738366,19.959999,21.900000,18.879999,20.559999,20.559999,25631800
738367,19.629999,22.500000,19.559999,21.719999,21.719999,23072900
738368,23.770000,24.910000,22.799999,23.400000,23.400000,28125700
738369,24.520000,26.305000,24.395000,25.410000,25.410000,24538500
738372,24.840000,24.924999,21.820000,23.000000,23.000000,18751100
738373,25.000000,25.250000,23.465000,24.090000,24.090000,12760700
738374,24.160000,25.065001,23.370001,24.590000,24.590000,9120300
738375,25.090000,25.250000,22.290001,22.500000,22.500000,13074900
738376,23.270000,24.250000,23.000000,23.010000,23.010000,10440600
738379,23.059999,23.129999,20.700001,21.660000,21.660000,9592600
738380,20.680000,22.500000,20.480000,22.180000,22.180000,8779900
738381,21.940001,23.575001,21.600000,23.340000,23.340000,6577400
738382,23.700001,24.170000,22.870001,23.600000,23.600000,7984200
738383,23.750000,24.180000,22.830000,23.170000,23.170000,5217400
738387,23.299999,25.440001,23.135000,24.750000,24.750000,11468900
738388,24.280001,24.530001,22.469999,22.760000,22.760000,7772500
738389,23.160000,24.430000,22.280001,24.290001,24.290001,9302000
738390,23.020000,24.170000,23.020000,23.690001,23.690001,6119300
738398,25.480000,27.660000,25.000000,27.000000,27.000000,17735600
738399,28.250000,28.809999,27.200001,28.320000,28.320000,14454200
738400,27.639999,29.459999,27.410000,29.200001,29.200001,10745300
738401,28.305000,28.980000,27.510000,28.650000,28.650000,8171600
738404,27.250000,27.610001,26.639999,27.000000,27.000000,21026200
738405,27.260000,27.639999,26.790001,27.500000,27.500000,7393000
738406,27.674999,27.760000,26.340000,26.940001,26.940001,10614800
738407,26.420000,26.930000,25.250000,26.680000,26.680000,7326800
738408,27.030001,28.049999,27.010000,27.969999,27.969999,8490000
738412,27.275000,27.379999,25.940001,26.540001,26.540001,6312300
738413,26.670000,27.222000,25.400000,25.430000,25.430000,5242300
738414,26.040001,26.450001,24.469999,24.650000,24.650000,7937200
738415,25.600000,25.990000,25.219999,25.389999,25.389999,6457500
738418,25.770000,26.809999,25.469000,26.180000,26.180000,5680500
738419,25.799999,26.200001,25.570000,25.639999,25.639999,3190800
738420,25.490000,25.940001,24.910000,25.910000,25.910000,4108400
738421,27.730000,28.150000,26.870001,28.020000,28.020000,9538800
738422,27.684999,28.049999,26.910000,27.780001,27.780001,5419300
738425,25.450001,25.799999,24.559999,25.320000,25.320000,10005300
738426,24.790001,25.875000,24.730000,25.000000,25.000000,5745500
738426,25.790001,26.530001,24.969999,26.250000,26.250000,7538400
738427,25.850000,26.010000,25.150000,25.660000,25.660000,6157900
738428,25.040001,25.700001,24.290001,24.330000,24.330000,5398500
738431,23.330000,23.635000,22.459999,23.330000,23.330000,7836100
738432,24.049999,24.170000,22.410000,23.270000,23.270000,9610300
738433,23.020000,23.170000,21.950001,22.459999,22.459999,8040100
738434,23.834999,23.879999,22.280001,22.420000,22.420000,7986200
738435,21.799999,22.000000,21.230000,21.620001,21.620001,7767300
738438,22.549999,22.930000,22.330000,22.410000,22.410000,6410300
738439,22.200001,22.680000,21.700001,22.469999,22.469999,3827100
738440,21.850000,22.750000,21.760000,22.650000,22.650000,3052100